[
  {
    "idConta": "9511873166",
    "nomeTitular": "Rodrigo",
    "cpfTitular": "44424402800",
    "numeroConta": "255762",
    "agencia": "9615",
    "tipoConta": "corrente",
    "saldo": 20,
    "status": "ativa"
  },
  {
    "idConta": "6410805058",
    "nomeTitular": "Dario Marques",
    "cpfTitular": "98765432100",
    "numeroConta": "131002",
    "agencia": "4249",
    "tipoConta": "corrente",
    "saldo": 0,
    "status": "encerrada"
  },
  {
    "idConta": "0701596680",
    "nomeTitular": "Dario Marques",
    "cpfTitular": "13111014894",
    "numeroConta": "438243",
    "agencia": "6516",
    "tipoConta": "corrente",
    "saldo": 30,
    "status": "ativa"
  },
  {
    "idConta": "4212413426",
    "nomeTitular": "Marquês Andras",
    "cpfTitular": "22169941894",
    "numeroConta": "958353",
    "agencia": "5567",
    "tipoConta": "poupança",
    "saldo": 300,
    "status": "ativa"
  },
  {
    "idConta": "8420587048",
    "nomeTitular": "Tiago Matheu",
    "cpfTitular": "18077570992",
    "numeroConta": "853512",
    "agencia": "2566",
    "tipoConta": "salario",
    "saldo": 0,
    "status": "ativa"
  },
  {
    "idConta": "6852109647",
    "nomeTitular": "Pedrinho",
    "cpfTitular": "36619384366",
    "numeroConta": "579641",
    "agencia": "3570",
    "tipoConta": "salario",
    "saldo": 0,
    "status": "ativa"
  },
  {
    "idConta": "8565605224",
    "nomeTitular": "Helenita Lenha Verde",
    "cpfTitular": "34305241056",
    "numeroConta": "372439",
    "agencia": "6067",
    "tipoConta": "corrente",
    "saldo": 2500,
    "status": "ativa"
  },
  {
    "idConta": "9410676147",
    "nomeTitular": "Roger Guedes",
    "cpfTitular": "52736046056",
    "numeroConta": "552042",
    "agencia": "3389",
    "tipoConta": "corrente",
    "saldo": 0,
    "status": "ativa"
  },
  {
    "idConta": "0626994240",
    "nomeTitular": "Rian",
    "cpfTitular": "52292322005",
    "numeroConta": "009920",
    "agencia": "0511",
    "tipoConta": "corrente",
    "saldo": 0,
    "status": "ativa"
  },
  {
    "idConta": "8651419560",
    "nomeTitular": "Rian",
    "cpfTitular": "43924443092",
    "numeroConta": "576679",
    "agencia": "8794",
    "tipoConta": "corrente",
    "saldo": 0,
    "status": "ativa"
  }
]