[
  {
    "idTransacao": "883497571253323",
    "dataTransacao": "2023-11-12T16:09:28.353Z",
    "tipoTransacao": "DEPOSITO",
    "valor": 100,
    "saldoAposTransacao": 100,
    "idContaOrigem": null,
    "idContaDestino": "9511873166"
  },
  {
    "idTransacao": "249770673604190",
    "dataTransacao": "2023-11-12T16:10:13.164Z",
    "tipoTransacao": "SAQUE",
    "valor": 50,
    "saldoAposTransacao": 50,
    "idContaOrigem": "9511873166",
    "idContaDestino": null
  },
  {
    "idTransacao": "006445549001357",
    "dataTransacao": "2023-11-12T16:18:40.500Z",
    "tipoTransacao": "TRANSFERENCIA",
    "valor": 30,
    "saldoAposTransacao": 20,
    "idContaOrigem": "9511873166",
    "idContaDestino": "0701596680"
  },
  {
    "idTransacao": "018980349601703",
    "dataTransacao": "2023-11-12T18:38:07.390Z",
    "tipoTransacao": "DEPOSITO",
    "valor": 100,
    "saldoAposTransacao": 100,
    "idContaOrigem": null,
    "idContaDestino": "4212413426"
  },
  {
    "idTransacao": "259613438866846",
    "dataTransacao": "2023-11-12T18:38:32.640Z",
    "tipoTransacao": "DEPOSITO",
    "valor": 200,
    "saldoAposTransacao": 300,
    "idContaOrigem": null,
    "idContaDestino": "4212413426"
  },
  {
    "idTransacao": "258469053032049",
    "dataTransacao": "2023-11-12T20:51:17.573Z",
    "tipoTransacao": "DEPOSITO",
    "valor": 500,
    "saldoAposTransacao": 500,
    "idContaOrigem": null,
    "idContaDestino": "8565605224"
  },
  {
    "idTransacao": "223570015729511",
    "dataTransacao": "2023-11-12T20:52:51.379Z",
    "tipoTransacao": "DEPOSITO",
    "valor": 500,
    "saldoAposTransacao": 1000,
    "idContaOrigem": null,
    "idContaDestino": "8565605224"
  },
  {
    "idTransacao": "622785575123456",
    "dataTransacao": "2023-11-12T20:52:51.900Z",
    "tipoTransacao": "DEPOSITO",
    "valor": 500,
    "saldoAposTransacao": 1500,
    "idContaOrigem": null,
    "idContaDestino": "8565605224"
  },
  {
    "idTransacao": "546117044491432",
    "dataTransacao": "2023-11-12T20:52:52.493Z",
    "tipoTransacao": "DEPOSITO",
    "valor": 500,
    "saldoAposTransacao": 2000,
    "idContaOrigem": null,
    "idContaDestino": "8565605224"
  },
  {
    "idTransacao": "904126164293480",
    "dataTransacao": "2023-11-12T20:52:53.107Z",
    "tipoTransacao": "DEPOSITO",
    "valor": 500,
    "saldoAposTransacao": 2500,
    "idContaOrigem": null,
    "idContaDestino": "8565605224"
  }
]